@TIME,VIN,VDD,VSS,VREF,VOUT,IIN,IDD,ISS
0.0,3.0,2.25,0.0,0.75,2.085232,1.93e-12,1.03952e-06,-1.0388e-06
10.0,3.0,2.25,0.0,0.75,2.086622,5e-14,1.01952e-06,-1.0196e-06
20.0,3.0,2.25,0.0,0.75,2.086864,-1e-14,1.0139e-06,-1.01401e-06
30.0,3.0,2.25,0.0,0.75,2.086968,-3e-14,1.01043e-06,-1.0105e-06
40.0,3.0,2.25,0.0,0.75,2.087,-6e-14,1.0079e-06,-1.00794e-06
50.0,3.0,2.25,0.0,0.75,2.087042,-4e-14,1.00574e-06,-1.00587e-06
60.0,3.0,2.25,0.0,0.75,2.087022,-6e-14,1.00408e-06,-1.0042e-06
70.0,3.0,2.25,0.0,0.75,2.087042,-1.1e-13,1.00246e-06,-1.00254e-06
80.0,3.0,2.25,0.0,0.75,2.087036,-5e-14,1.001e-06,-1.001133e-06
90.0,3.0,2.25,0.0,0.75,2.08702,-6e-14,9.9974e-07,-9.99969e-07
100.0,3.0,2.25,0.0,0.75,2.087026,-4e-14,9.98685e-07,-9.98673e-07
110.0,3.0,2.25,0.0,0.75,2.087012,-7e-14,9.9737e-07,-9.97492e-07
120.0,3.0,2.25,0.0,0.75,2.087008,-4e-14,9.96494e-07,-9.96439e-07
130.0,3.0,2.25,0.0,0.75,2.08699,-9e-14,9.9531e-07,-9.95438e-07
140.0,3.0,2.25,0.0,0.75,2.086992,-7e-14,9.94223e-07,-9.94209e-07
150.0,3.0,2.25,0.0,0.75,2.086984,-8e-14,9.9323e-07,-9.93279e-07
160.0,3.0,2.25,0.0,0.75,2.086976,-8e-14,9.92394e-07,-9.9239e-07
170.0,3.0,2.25,0.0,0.75,2.086972,-1.3e-13,9.9127e-07,-9.91417e-07
180.0,3.0,2.25,0.0,0.75,2.086968,-1.4e-13,9.90546e-07,-9.90519e-07
190.0,3.0,2.25,0.0,0.75,2.086946,-8e-14,9.8959e-07,-9.89711e-07
200.0,3.0,2.25,0.0,0.75,2.086918,-8e-14,9.88934e-07,-9.88829e-07
210.0,3.0,2.25,0.0,0.75,2.086924,-8e-14,9.8788e-07,-9.88001e-07
220.0,3.0,2.25,0.0,0.75,2.086942,-1e-13,9.87146e-07,-9.87137e-07
230.0,3.0,2.25,0.0,0.75,2.086926,-9e-14,9.8624e-07,-9.86352e-07
240.0,3.0,2.25,0.0,0.75,2.086902,-5e-14,9.85605e-07,-9.85619e-07
250.0,3.0,2.25,0.0,0.75,2.086908,-7e-14,9.8456e-07,-9.84722e-07
260.0,3.0,2.25,0.0,0.75,2.08689,-6e-14,9.84046e-07,-9.84106e-07
270.0,3.0,2.25,0.0,0.75,2.086896,-9e-14,9.8319e-07,-9.83279e-07
280.0,3.0,2.25,0.0,0.75,2.086904,-1e-13,9.82447e-07,-9.824e-07
290.0,3.0,2.25,0.0,0.75,2.086866,-8e-14,9.8165e-07,-9.81691e-07
300.0,3.0,2.25,0.0,0.75,2.08688,-1.1e-13,9.80961e-07,-9.80946e-07
310.0,3.0,2.25,0.0,0.75,2.086848,-8e-14,9.8012e-07,-9.80216e-07
320.0,3.0,2.25,0.0,0.75,2.086882,-1e-13,9.79423e-07,-9.794e-07
330.0,3.0,2.25,0.0,0.75,2.086848,-8e-14,9.7871e-07,-9.78771e-07
340.0,3.0,2.25,0.0,0.75,2.08684,-1.2e-13,9.78149e-07,-9.78093e-07
350.0,3.0,2.25,0.0,0.75,2.086828,-8e-14,9.7718e-07,-9.77309e-07
360.0,3.0,2.25,0.0,0.75,2.086826,-8e-14,9.76652e-07,-9.76567e-07
370.0,3.0,2.25,0.0,0.75,2.086834,-8e-14,9.7574e-07,-9.7582e-07
380.0,3.0,2.25,0.0,0.75,2.086848,-4e-14,9.751e-07,-9.75048e-07
390.0,3.0,2.25,0.0,0.75,2.086828,-9e-14,9.7432e-07,-9.74456e-07
400.0,3.0,2.25,0.0,0.75,2.086838,-1e-13,9.73554e-07,-9.73509e-07
410.0,3.0,2.25,0.0,0.75,2.08683,-6e-14,9.7289e-07,-9.72951e-07
420.0,3.0,2.25,0.0,0.75,2.086816,-1e-13,9.7239e-07,-9.72362e-07
430.0,3.0,2.25,0.0,0.75,2.086814,-7e-14,9.7148e-07,-9.71586e-07
440.0,3.0,2.25,0.0,0.75,2.086816,-8e-14,9.70996e-07,-9.70965e-07
450.0,3.0,2.25,0.0,0.75,2.086822,-9e-14,9.701e-07,-9.70188e-07
460.0,3.0,2.25,0.0,0.75,2.08681,-5e-14,9.69657e-07,-9.69637e-07
470.0,3.0,2.25,0.0,0.75,2.0868,-6e-14,9.6878e-07,-9.6893e-07
480.0,3.0,2.25,0.0,0.75,2.086804,-1e-13,9.68306e-07,-9.68306e-07
490.0,3.0,2.25,0.0,0.75,2.086804,-1.2e-13,9.674e-07,-9.67499e-07
500.0,3.0,2.25,0.0,0.75,2.08677,-1e-13,9.67079e-07,-9.67105e-07
510.0,3.0,2.25,0.0,0.75,2.086792,-9e-14,9.6622e-07,-9.6634e-07
520.0,3.0,2.25,0.0,0.75,2.086798,-7e-14,9.65666e-07,-9.65611e-07
530.0,3.0,2.25,0.0,0.75,2.08679,-8e-14,9.6496e-07,-9.6501e-07
540.0,3.0,2.25,0.0,0.75,2.086792,-8e-14,9.64328e-07,-9.64304e-07
550.0,3.0,2.25,0.0,0.75,2.08679,-8e-14,9.6355e-07,-9.63669e-07
560.0,3.0,2.25,0.0,0.75,2.086802,-7e-14,9.62979e-07,-9.6294e-07
570.0,3.0,2.25,0.0,0.75,2.086798,-8e-14,9.6237e-07,-9.62491e-07
580.0,3.0,2.25,0.0,0.75,2.086798,-5e-14,9.61833e-07,-9.61819e-07
590.0,3.0,2.25,0.0,0.75,2.086802,-7e-14,9.6107e-07,-9.61139e-07
600.0,3.0,2.25,0.0,0.75,2.086774,-9e-14,9.60647e-07,-9.60611e-07
